{
  "anvil_cost": 4,
  "description": "Backdraft",
  "effects": {
    "minecraft:post_attack":[
      {
        "enchanted": "victim",
        "affected": "victim",
        "effect": {
          "type": "apply_mob_effect",
          "to_apply": "minecraft:levitation",
          "min_duration": {
            "type": "minecraft:linear",
            "base": 5.0,
            "per_level_above_first": 1.0
          },
          "max_duration": {
            "type": "minecraft:linear",
            "base": 5.0,
            "per_level_above_first": 1.0
          },
          "min_amplifier": {
            "type": "minecraft:linear",
            "base": 1.0,
            "per_level_above_first":5.0
          },
          "max_amplifier": {
            "type": "minecraft:linear",
            "base": 1.0,
            "per_level_above_first":5.0
          }
        },
        "requirements":{
          "condition": "minecraft:random_chance",
          "chance": 0.4
        }
      }
    ]

  },
  "max_cost":{
    "base": 60,
    "per_level_above_first": 20
  },
  "max_level": 3,
  "min_cost":{
    "base":10,
    "per_level_above_first": 20
  },
  "slots":[
    "chest"
  ],
  "supported_items":"minecraft:elytra",
  "weight": 3
}