{
  "anvil_cost": 4,
  "description": "Blasting",
  "effects": {
    "minecraft:hit_block": [
      {
        "effect": {
          "type": "minecraft:explode",
          "attribute_to_user": true,
          "knockback_multiplier": 1.0,
          "radius": {
            "type": "minecraft:linear",
            "base": 1.0,
            "per_level_above_first": 1.5
          },
          "create_fire": false,
          "block_interaction": "mob",
          "small_particle": {
            "type": "minecraft:explosion"
          },
          "large_particle": {
            "type": "minecraft:explosion"
          },
          "sound": "minecraft:entity.generic.explode"
        }
      },
      {
        "effect":{
          "type": "minecraft:run_function",
          "function": "custom:blasting_cleanup"
        }
      }
    ],
    "minecraft:knockback": [
      {
        "effect": {
          "type": "minecraft:add",
          "value": {
            "type": "minecraft:linear",
            "base": 0.0,
            "per_level_above_first": 1.5
          }
        }
      }
    ]
  },
  "max_cost": {
    "base": 60,
    "per_level_above_first": 20
  },
  "max_level": 3,
  "min_cost": {
    "base": 10,
    "per_level_above_first": 20
  },
  "slots": [
    "mainhand"
  ],
  "supported_items": "minecraft:bow",
  "weight": 6
}