{
  "anvil_cost": 4,
  "description": "Enlarging",
  "exclusive_set": "custom:shrinking",
  "effects": {
    "minecraft:attributes": [
      {
        "amount": 0.5,
        "attribute": "minecraft:generic.scale",
        "id": "custom:enchantment.enlarging.scale",
        "operation": "add_multiplied_base"
      },
      {
        "amount": 0.75,
        "attribute": "minecraft:generic.step_height",
        "id": "custom:enchantment.enlarging.step",
        "operation": "add_multiplied_base"
      },
      {
        "amount": 0.5,
        "attribute": "minecraft:generic.safe_fall_distance",
        "id": "custom:enchantment.enlarging.fall_distance",
        "operation": "add_multiplied_base"
      },
      {
        "amount": 0.3,
        "attribute": "minecraft:generic.jump_strength",
        "id": "custom:enchantment.enlarging.jump",
        "operation": "add_multiplied_base"
      },
      {
        "amount": 0.2,
        "attribute": "minecraft:generic.movement_speed",
        "id": "custom:enchantment.enlarging.speed",
        "operation": "add_multiplied_base"
      }
    ]
  },
  "max_cost": {
    "base": 60,
    "per_level_above_first": 20
  },
  "max_level": 1,
  "min_cost": {
    "base": 10,
    "per_level_above_first": 20
  },
  "slots": [
    "armor"
  ],
  "supported_items": "#minecraft:enchantable/equippable",
  "weight": 4
}