{
  "anvil_cost": 4,
  "description": "Floating",
  "exclusive_set": "custom:bulky",
  "effects": {
    "minecraft:attributes": [
      {
        "amount": {
          "type": "minecraft:linear",
          "base": -0.1,
          "per_level_above_first": -0.05
        },
        "attribute": "minecraft:generic.gravity",
        "id": "custom:enchantment.floating.gravity",
        "operation": "add_multiplied_base"
      },
      {
        "amount": {
          "type": "minecraft:linear",
          "base": 0.1,
          "per_level_above_first": 0.1
        },
        "attribute": "minecraft:generic.safe_fall_distance",
        "id": "custom:enchantment.floating.fall_distance",
        "operation": "add_multiplied_base"
      }
    ]
  },
  "max_cost": {
    "base": 60,
    "per_level_above_first": 20
  },
  "max_level": 3,
  "min_cost": {
    "base": 10,
    "per_level_above_first": 20
  },
  "slots": [
    "armor"
  ],
  "supported_items": "#minecraft:enchantable/equippable",
  "weight": 4
}