{
  "anvil_cost": 4,
  "description": "Frost Aspect",
  "effects":{
    "minecraft:post_attack":[
      {
        "enchanted": "attacker",
        "affected": "victim",
        "effect": {
          "type": "minecraft:apply_mob_effect",
          "to_apply": "minecraft:slowness",
          "min_duration": 10,
          "max_duration": {
            "type": "minecraft:linear",
            "base":10,
            "per_level_above_first": 10
          },
          "min_amplifier": 1,
          "max_amplifier": 1
        },
        "requirements":{
          "condition": "minecraft:random_chance",
          "chance": 0.25
        }
      },
      {
        "enchanted": "attacker",
        "affected": "victim",
        "effect":{
          "type": "minecraft:run_function",
          "function": "custom:frost_aspect_blocks"
        }
      },
      {
        "enchanted": "attacker",
        "affected": "victim",
        "effect": {
          "type": "minecraft:spawn_particles",
          "horizontal_position": {
            "type": "in_bounding_box",
            "scale": 2.0
          },
          "horizontal_velocity":{
            "movement_scale": -0.2
          },
          "particle": {
            "type": "minecraft:snowflake"
          },
          "speed": 1.0,
          "vertical_position": {
            "type": "in_bounding_box"
          },
          "vertical_velocity": {
            "base": 0.1
          }
        }
      }
    ]
  },
  "max_cost":{
    "base": 60,
    "per_level_above_first": 20
  },
  "max_level": 4,
  "min_cost":{
    "base": 10,
    "per_level_above_first": 20
  },
  "slots":[
    "mainhand"
  ],
  "supported_items": "#minecraft:enchantable/weapon",
  "weight": 4
}