{
  "anvil_cost": 4,
  "description": "Haunted",
  "effects": {
    "minecraft:prevent_armor_change": {},
    "minecraft:post_attack": [
      {
        "enchanted": "victim",
        "affected": "victim",
        "effect": {
          "type": "minecraft:summon_entity",
          "entity": "minecraft:vex",
          "join_team": false
        }
      }
    ]
  },
  "max_cost": {
    "base": 20,
    "per_level_above_first": 20
  },
  "max_level": 1,
  "min_cost": {
    "base": 20,
    "per_level_above_first": 20
  },
  "slots": [
    "chest"
  ],
  "supported_items": "#minecraft:enchantable/chest_armor",
  "weight": 6
}