{
  "anvil_cost": 4,
  "description": "Lashing",
  "effects":{
    "minecraft:post_attack":[
      {
        "enchanted": "victim",
        "affected": "attacker",
        "effect": {
          "type": "minecraft:run_function",
          "function": "custom:lashing_effect"
        }
      }
    ]
  },
  "max_cost": {
    "base": 60,
    "per_level_above_first": 20
  },
  "max_level": 1,
  "min_cost": {
    "base": 10,
    "per_level_above_first": 20
  },
  "slots":[
    "armor"
  ],
  "supported_items": "#minecraft:enchantable/armor",
  "weight": 6
}