{
  "anvil_cost": 4,
  "description": "Magnetic",
  "effects":{
    "minecraft:hit_block":[
      {
        "effect":{
          "type": "run_function",
          "function": "custom:magnetic_effect"
        }
      }
    ]
  },
  "max_cost":{
    "base": 60,
    "per_level_above_first": 20
  },
  "max_level": 1,
  "min_cost":{
    "base": 10,
    "per_level_above_first": 20
  },
  "slots":[
    "mainhand"
  ],
  "supported_items": "#custom:iron_tools",
  "weight": 5
}