{
  "anvil_cost": 4,
  "description": "Petrifying",
  "effects":{
    "minecraft:post_attack":[
      {
        "enchanted": "attacker",
        "affected": "victim",
        "effect":{
          "type": "minecraft:run_function",
          "function": "custom:petrify_effect"
        },
        "requirements": {
          "condition": "minecraft:random_chance",
          "chance": 0.1
        }
      }
    ],
    "minecraft:hit_block":[
      {
        "effect":{
          "type":"minecraft:run_function",
          "function":"custom:kill_petrify"
        }
      }
    ]
  },
  "max_cost":{
    "base": 60,
    "per_level_above_first": 20
  },
  "max_level": 1.0,
  "min_cost":{
    "base": 10,
    "per_level_above_first": 20
  },
  "slots": [
    "mainhand"
  ],
  "supported_items":"#minecraft:enchantable/sword",
  "weight": 9
}