{
  "anvil_cost":4,
  "description": "Reaching",
  "effects":{
    "minecraft:attributes":[
      {
        "amount": {
          "type": "minecraft:linear",
          "base": 1.5,
          "per_level_above_first": 1.5
        },
        "attribute": "minecraft:player.block_interaction_range",
        "id": "custom:enchantment.reaching_block_range",
        "operation": "add_value"
      },
      {
        "amount": {
          "type": "minecraft:linear",
          "base": 1.5,
          "per_level_above_first":  1.5
        },
        "attribute": "minecraft:player.entity_interaction_range",
        "id": "custom:enchantment.reaching_entity_range",
        "operation": "add_value"
      }
    ]
  },
  "max_cost":{
    "base": 60,
    "per_level_above_first": 20
  },
  "max_level": 6,
  "min_cost":{
    "base": 10,
    "per_level_above_first":20
  },
  "slots":[
    "mainhand",
    "offhand"
  ],
  "supported_items":"#custom:reaching_items",
  "weight": 8
}