{
  "anvil_cost":4,
  "description": "Reinforced",
  "exclusive_set": "minecraft:mending",
  "effects": {
    "minecraft:attributes":[
      {
        "amount":{
          "type": "minecraft:linear",
          "base": 3.0,
          "per_level_above_first": 2.0
        },
        "attribute": "minecraft:generic.armor",
        "id": "custom:enchantment.reinforced",
        "operation": "add_value"
      }
    ]
  },
  "max_cost": {
    "base": 60,
    "per_level_above_first": 20
  },
  "max_level": 3,
  "min_cost": {
    "base": 10,
    "per_level_above_first": 20
  },
  "slots": [
    "armor"
  ],
  "supported_items":"minecraft:elytra",
  "weight": 3
}