{
  "anvil_cost": 4,
  "description": "Resting",
  "effects":{
    "minecraft:hit_block":[
      {
        "effect": {
          "type":"minecraft:run_function",
          "function": "custom:rest_effect"
        }
      },
      {
        "effect":{
          "type":"minecraft:damage_item",
          "amount": 10
        }
      }
    ]

  },
  "max_cost":{
    "base": 60,
    "per_level_above_first": 20
  },
  "max_level": 1,
  "min_cost":{
    "base": 10,
    "per_level_above_first": 20
  },
  "slots":[
    "mainhand"
  ],
  "supported_items": "minecraft:red_bed",
  "weight": 6
}