{
  "anvil_cost":6,
  "description": "Shrinking",
  "effects": {
    "minecraft:attributes":[
      {
        "amount": -0.5,
        "attribute": "minecraft:generic.scale",
        "id": "custom:enchantment.shrinking",
        "operation": "add_value"
      }
    ]

  },
  "max_cost":{
    "base":40,
    "per_level_above_first":6
  },
  "max_level" : 1,
  "min_cost" : {
    "base":10,
    "per_level_above_first":6
  },
  "slots":[
    "armor"
  ],
  "supported_items": "#minecraft:enchantable/equippable",
  "weight": 2
}