{
  "anvil_cost": 4,
  "description": "Sunny",
  "exclusive_set": "custom:drizzling",
  "effects":{
    "minecraft:hit_block": [
      {
        "effect":{
          "type": "minecraft:run_function",
          "function": "custom:sun"
        }
      },
      {
        "effect":{
          "type": "minecraft:damage_item",
          "amount": 5
        }
      }
    ]
  },
  "max_cost": {
    "base":60,
    "per_level_above_first": 20
  },
  "max_level": 1,
  "min_cost": {
    "base": 10,
    "per_level_above_first": 20
  },
  "slots":[
    "mainhand"
  ],
  "supported_items": "minecraft:golden_hoe",
  "weight": 4
}